image_id,mask_id,nuclei,density,R_mean,G_mean,B_mean,R_std,G_std,B_std
human_bladder_08.png,human_bladder_08.png,26,9.918212890625e-05,109.96967385084875,100.26103375929812,125.65832538622927,16.63394231770853,14.290168525864926,9.62893198265645
human_bladder_09.png,human_bladder_09.png,28,0.0001068115234375,112.7462521457181,101.8920083921419,126.30802975395765,15.070735459828947,12.005976761577882,8.892520885727567
human_bladder_07.png,human_bladder_07.png,40,0.000152587890625,103.60694259012016,93.21857715048637,122.27930574098798,20.06287269615184,18.267566045134206,11.453758832491857
human_bladder_12.png,human_bladder_12.png,18,6.866455078125e-05,112.848521838642,101.38268167079916,125.52828533282472,13.62468432280541,10.708323997762951,8.413781181365966
human_bladder_06.png,human_bladder_06.png,15,5.7220458984375e-05,109.12542437535762,96.14819759679573,121.02433721152012,22.162309044760068,21.38137147273711,13.396587870746794
human_bladder_10.png,human_bladder_10.png,24,9.1552734375e-05,111.28514209422086,99.32046538241465,124.43250047682625,14.767411015739672,12.04588906891904,8.989654998387541
human_bladder_04.png,human_bladder_04.png,118,0.00045013427734375,82.67644478352088,79.0882700743849,108.76875834445929,36.299108996354086,36.7904032129228,23.436942245094382
human_bladder_05.png,human_bladder_05.png,28,0.0001068115234375,111.99488842265879,102.58455082967767,124.8164791150105,21.181555638290742,19.57798935290012,12.16501093998806
human_bladder_11.png,human_bladder_11.png,33,0.000125885009765625,110.21724203700171,99.5669654777799,124.35338546633606,14.352694521870047,11.09259863608988,8.6080664170306
human_bladder_01.png,human_bladder_01.png,23,8.7738037109375e-05,103.15895479687202,96.72901010871638,120.3162693114629,27.151547084346518,27.063437239933823,16.55024751405862
human_bladder_02.png,human_bladder_02.png,3,1.1444091796875e-05,124.01483883272935,120.13515163074575,132.40629410642762,23.383101882767647,24.552251464671148,16.097911793848976
human_bladder_03.png,human_bladder_03.png,25,9.5367431640625e-05,107.09422086591645,95.88346366584017,120.89952317375548,18.95886034142829,16.66571283855826,11.37020366301915
human_brain_9.png,human_brain_9.png,8,3.0517578125e-05,103.25023841312226,81.11188251001334,116.27537669273316,13.05473217925127,13.054870115936366,9.45215534821979
human_brain_8.png,human_brain_8.png,37,0.000141143798828125,102.64821666984551,91.85409116917795,118.5314514590883,20.50804827441002,22.54396167153182,14.482521272283202
human_brain_6.png,human_brain_6.png,16,6.103515625e-05,98.89284760633225,81.86141522029372,114.45580774365821,16.816812665009966,18.716346895220873,12.05286301654962
human_brain_7.png,human_brain_7.png,21,8.0108642578125e-05,101.51634560366203,85.47499523173755,116.33477016975014,17.63057522471928,20.085999879627277,12.571795808737154
human_brain_5.png,human_brain_5.png,6,2.288818359375e-05,101.77676902536716,79.26534426854855,115.20659927522411,12.337954652923736,11.821645297918511,9.070661759849807
human_brain_4.png,human_brain_4.png,9,3.4332275390625e-05,98.98874690062941,78.66652679763494,114.23852756055693,16.461902312461323,16.40930172760791,11.325940187027118
human_brain_10.png,human_brain_10.png,17,6.4849853515625e-05,99.23627694068281,83.90974632843792,115.389738699218,16.767559139756226,18.217865257118735,12.067701196066581
human_brain_11.png,human_brain_11.png,5,1.9073486328125e-05,101.6028609574671,74.5765401487698,113.2891474346748,10.991020532468909,9.772628093738907,8.259653002778508
human_brain_1.png,human_brain_1.png,5,1.9073486328125e-05,99.56372305931718,84.11008964333396,115.9107381270265,16.197076026708306,17.257235564708825,11.437711844171334
human_brain_3.png,human_brain_3.png,14,5.340576171875e-05,101.02540530230785,86.55044821666985,117.11241655540721,18.593484981881527,20.870737410053874,13.16125969495357
human_brain_12.png,human_brain_12.png,5,1.9073486328125e-05,101.07152393667748,74.19885561701317,112.83894716765211,12.077654034365343,11.783990027478373,9.06815282032859
human_brain_2.png,human_brain_2.png,2,7.62939453125e-06,99.01796681289338,82.4904444020599,115.06122448979592,16.589721657752847,18.75696918616244,11.92690999149476
human_cardia_10.png,human_cardia_10.png,130,0.00049591064453125,74.34823574289528,50.72496662216288,92.86820522601565,27.154325422014548,25.277776287397135,20.048472301388113
human_cardia_11.png,human_cardia_11.png,16,6.103515625e-05,119.9049399198932,84.50741941636468,117.94884608048827,17.022948586322734,17.4933074114975,11.87887949634346
human_cardia_12.png,human_cardia_12.png,62,0.00023651123046875,106.76139614724394,51.8202174327675,98.54293343505627,18.610484282518517,15.039929922561257,12.164313766404868
human_cardia_9.png,human_cardia_9.png,54,0.00020599365234375,97.72962044630937,48.46412359336258,94.559565134465,21.759079605717325,15.52568704318321,13.503959534117605
human_cardia_8.png,human_cardia_8.png,18,6.866455078125e-05,117.04650009536525,50.4982262063704,95.82029372496662,15.471278375220352,9.19152116466934,9.601319136072446
human_cardia_6.png,human_cardia_6.png,38,0.00014495849609375,105.69879839786383,55.31310318519931,99.78901392332634,20.693035195304425,18.722420035348183,14.17078204413965
human_cardia_7.png,human_cardia_7.png,17,6.4849853515625e-05,113.85924089261873,85.7189395384322,115.43932862864771,19.879465700756146,23.21746133893527,15.361237696920885
human_cardia_5.png,human_cardia_5.png,79,0.000301361083984375,82.30574098798398,50.58733549494564,92.92920083921419,28.046351709457976,25.526304283824548,19.929261317867667
human_cardia_4.png,human_cardia_4.png,15,5.7220458984375e-05,119.3177570093458,90.95620827770361,118.18203318710661,18.380693629642398,25.039517671975947,15.518991997915359
human_cardia_1.png,human_cardia_1.png,30,0.00011444091796875,109.33927140949838,44.676788098416935,92.29700553118444,16.264749488201144,5.915317033581334,7.519946176609984
human_cardia_3.png,human_cardia_3.png,108,0.0004119873046875,71.2449742513828,45.77726492466145,89.7241655540721,24.819037421959905,22.31559775369922,18.301945859492935
human_cardia_2.png,human_cardia_2.png,63,0.000240325927734375,91.82777036048064,52.08296776654587,96.69048254815945,21.439000028613197,15.899081582266192,13.437826790009229
human_cerebellum_7.png,human_cerebellum_7.png,5,1.9073486328125e-05,106.92954415411025,73.48407400343315,115.97192447072287,14.420119228623413,12.666862399494883,10.741995918257288
human_cerebellum_6.png,human_cerebellum_6.png,68,0.0002593994140625,103.02513827961091,78.516955941255,114.38882319282854,34.590009479935105,29.502216569168983,21.378090717805417
human_cerebellum_4.png,human_cerebellum_4.png,7,2.6702880859375e-05,104.58939538432195,76.1017737936296,117.24245660881175,16.894609143635883,13.690539727437923,11.078587970355866
human_cerebellum_5.png,human_cerebellum_5.png,140,0.0005340576171875,72.5624260919321,55.445470150677096,91.97829486934961,42.75302242599154,37.36204087064128,29.90751122265303
human_cerebellum_1.png,human_cerebellum_1.png,37,0.000141143798828125,97.48479877932482,73.99393477016974,111.7543391188251,30.160494901306322,26.585073398858167,23.389522591901358
human_cerebellum_2.png,human_cerebellum_2.png,115,0.000438690185546875,79.16673660118254,72.71569711996948,102.01388518024032,43.64768969956734,42.032055962372326,30.824887301068436
human_cerebellum_3.png,human_cerebellum_3.png,9,3.4332275390625e-05,106.87797062750334,92.27251573526607,122.34991417127598,20.351290825447997,19.902642254345373,12.735159710789372
human_cerebellum_8.png,human_cerebellum_8.png,12,4.57763671875e-05,102.20141140568377,61.232004577531946,105.96471485790578,18.364103658407355,18.766254393304052,13.55092733196202
human_cerebellum_12.png,human_cerebellum_12.png,5,1.9073486328125e-05,97.3969483120351,50.06198741178714,98.61892046538242,14.749144491836871,10.74868225174569,9.877682235696117
human_cerebellum_9.png,human_cerebellum_9.png,7,2.6702880859375e-05,111.39740606522983,97.04142666412359,124.87152393667748,20.798278057449036,21.561757008032117,13.0216991874321
human_cerebellum_10.png,human_cerebellum_10.png,6,2.288818359375e-05,109.07510967003624,82.94297158115583,120.79080679000572,16.00857712723854,15.647260559531944,10.719023046036812
human_cerebellum_11.png,human_cerebellum_11.png,86,0.00032806396484375,99.04272363150868,94.29025367156208,114.72443257676902,46.70903525877781,45.79192524970009,33.316484629121916
human_epiglottis_1.png,human_epiglottis_1.png,5,1.9073486328125e-05,117.30425329010109,102.32656875834446,121.96769025367156,17.050482399554863,18.01513048447555,12.019568306048889
human_epiglottis_2.png,human_epiglottis_2.png,5,1.9073486328125e-05,129.6864009155064,121.00713332061797,133.0343314896052,19.655905996582693,22.125390989060683,13.90909027786454
human_epiglottis_3.png,human_epiglottis_3.png,24,9.1552734375e-05,125.24325767690253,115.84989509822621,129.9093648674423,24.700358598372794,26.634851406554315,16.74000013322086
human_epiglottis_7.png,human_epiglottis_7.png,12,4.57763671875e-05,124.5969483120351,111.27167652107572,127.9196261682243,24.196191991307636,24.91091671331826,15.70695745175505
human_epiglottis_6.png,human_epiglottis_6.png,44,0.0001678466796875,118.00736219721533,104.8994087354568,123.66030898340645,28.038439581873657,27.405025594594395,17.511788951965958
human_epiglottis_4.png,human_epiglottis_4.png,12,4.57763671875e-05,119.87926759488842,105.31069998092696,124.56910165935533,22.745328043661274,25.383042564747928,15.072497664983143
human_epiglottis_5.png,human_epiglottis_5.png,2,7.62939453125e-06,72.48762159069236,54.40442494754911,95.67976349418272,13.68516564231113,12.853929707838324,10.914500683847606
human_epiglottis_10.png,human_epiglottis_10.png,41,0.000156402587890625,113.13820331871067,84.77360289910357,110.29212283044059,28.637208849061143,34.530626891544095,22.703664396123497
human_epiglottis_11.png,human_epiglottis_11.png,5,1.9073486328125e-05,114.88895670417699,98.59237078008773,119.86145336639329,19.34123517126691,19.84256755295284,12.441973343946065
human_epiglottis_12.png,human_epiglottis_12.png,23,8.7738037109375e-05,114.7853137516689,102.8828533282472,121.15876406637422,28.10645124172674,29.360594778568903,18.603787382583636
human_epiglottis_8.png,human_epiglottis_8.png,30,0.00011444091796875,120.00270837306886,102.20793438870875,123.03127980164028,21.582249832392126,20.16319603941842,12.356257792706147
human_jejunum_06.png,human_jejunum_06.png,68,0.0002593994140625,121.24630936486744,84.86881556360862,100.84619492656876,15.54245977024706,21.115754881239436,10.891569090067444
human_jejunum_07.png,human_jejunum_07.png,69,0.000263214111328125,108.43612435628457,65.03581918748807,90.0304787335495,17.00082998303152,19.456017453110025,11.193569595342968
human_jejunum_05.png,human_jejunum_05.png,35,0.000133514404296875,126.52870493991989,97.93877551020408,105.79797825672325,13.297089678457647,17.520901372949204,9.191683901275814
human_jejunum_10.png,human_jejunum_10.png,109,0.000415802001953125,108.80598893763113,61.684455464428765,89.38054548922372,16.708572574349883,16.607729008248974,10.073882472786266
human_jejunum_04.png,human_jejunum_04.png,34,0.00012969970703125,118.64337211520122,86.74236124356284,100.24650009536525,16.11478576559517,21.274294575448764,10.517691001761516
human_jejunum_01.png,human_jejunum_01.png,60,0.0002288818359375,117.46881556360862,70.2701125309937,94.53557123784093,15.518693245336335,17.138368719450483,9.857432281931018
human_jejunum_03.png,human_jejunum_03.png,90,0.00034332275390625,109.85359526988366,77.79866488651535,97.49593744039672,17.584812707045195,21.79180120553283,11.055777847625047
human_jejunum_02.png,human_jejunum_02.png,66,0.00025177001953125,105.88357810413885,61.98039290482548,89.2480259393477,17.399762440664624,17.442225737512835,10.504702879200927
human_jejunum_09.png,human_jejunum_09.png,91,0.000347137451171875,102.8082777036048,55.87655922181957,84.8040434865535,18.67440935868137,20.32715688680008,12.19495831294436
human_jejunum_08.png,human_jejunum_08.png,75,0.000286102294921875,115.41926378027847,74.10284188441732,93.76555407209612,17.481465481806904,26.677478150748765,14.613806664749564
human_kidney_09.png,human_kidney_09.png,126,0.00048065185546875,112.71138661071906,61.46915887850467,99.40679000572192,21.97060296539981,19.544692266754844,13.413931160018153
human_kidney_08.png,human_kidney_08.png,131,0.000499725341796875,104.2136181575434,44.86309364867442,82.72489032996376,22.921662725437542,12.366060810528039,11.347099301666507
human_kidney_06.png,human_kidney_06.png,91,0.000347137451171875,106.2800686629792,52.05130650390998,89.12656875834446,22.400472849867064,15.202286577201695,11.035275473769918
human_kidney_07.png,human_kidney_07.png,91,0.000347137451171875,106.55144001525844,47.46614533663933,85.22342170513065,22.579791240483924,15.581991620593572,11.848217431598288
human_kidney_05.png,human_kidney_05.png,112,0.00042724609375,103.34484074003433,41.79256151058554,78.95800114438299,24.88086482183215,11.004865931708721,10.441394825024348
human_kidney_11.png,human_kidney_11.png,77,0.000293731689453125,125.50516879649057,61.76612626358955,100.0515735266069,19.434171275004676,17.00243009201444,11.135820366513105
human_kidney_10.png,human_kidney_10.png,96,0.0003662109375,114.42048445546443,52.97867633034522,94.28010680907877,22.99179961438027,14.498962560068847,11.67606872201015
human_kidney_04.png,human_kidney_04.png,72,0.000274658203125,121.71008964333397,70.60160213618157,100.05702841884417,19.868959111956837,19.426006204552905,12.113377775561474
human_kidney_01.png,human_kidney_01.png,80,0.00030517578125,113.82510013351134,58.22273507533855,94.55227922944879,22.049685613878516,17.08469042604656,11.902724331519698
human_kidney_03.png,human_kidney_03.png,70,0.00026702880859375,120.37669273316803,73.81556360862102,102.06591646004196,18.195636316848418,17.49984469024315,10.28551790414265
human_kidney_02.png,human_kidney_02.png,68,0.0002593994140625,125.0042342170513,76.63662025557886,105.35109670036239,20.679024847972205,22.197695516231914,13.04972298983321
human_liver_33.png,human_liver_33.png,32,0.0001220703125,130.98844173183292,61.64108334922754,96.0680526416174,12.667263518702468,10.565209358916881,9.160606507250131
human_liver_27.png,human_liver_27.png,37,0.000141143798828125,137.26061415220295,75.00297539576579,103.84352469959947,11.267119737856193,13.537108974748145,9.863157040519102
human_liver_26.png,human_liver_26.png,36,0.0001373291015625,136.1235552164791,73.46877741750906,104.43715430097272,12.584573787456334,15.095990393825897,11.304115757618483
human_liver_32.png,human_liver_32.png,29,0.000110626220703125,133.34011062368873,64.78241464810223,98.41613580011443,12.797293685743108,11.74187524627865,9.690171465114965
human_liver_24.png,human_liver_24.png,34,0.00012969970703125,134.75803929048254,67.02342170513064,100.86255960328056,12.671233034075051,11.7712503698144,9.473626626541282
human_liver_30.png,human_liver_30.png,25,9.5367431640625e-05,137.45061987411788,77.86683196643143,105.6414266641236,11.54746538409011,15.881182069993852,11.04993850545589
human_liver_18.png,human_liver_18.png,27,0.000102996826171875,134.91897768453177,70.00671371352279,98.69746328437917,11.10922298571102,14.033733395870645,10.413645117222053
human_liver_19.png,human_liver_19.png,31,0.000118255615234375,134.16994087354567,68.8860957467099,98.41529658592408,11.243576017258006,13.410048700049343,9.913964562481521
human_liver_31.png,human_liver_31.png,26,9.918212890625e-05,135.10745756246425,68.20549303833683,100.40350944115964,11.59937171022483,17.833846495685655,12.418876069121355
human_liver_25.png,human_liver_25.png,26,9.918212890625e-05,133.90436772839976,67.56601182529086,100.66984550829677,13.580316462724127,13.497399833711638,10.558010307199527
human_liver_09.png,human_liver_09.png,29,0.000110626220703125,136.91199694831204,72.24226587831394,102.2104520312798,12.409489175189975,14.123895758952587,10.618981446963218
human_liver_21.png,human_liver_21.png,36,0.0001373291015625,137.3359908449361,66.18329200839214,99.8154873164219,12.652452503900125,12.44825303793045,9.898023838950996
human_liver_35.png,human_liver_35.png,36,0.0001373291015625,133.03879458325386,68.20564562273508,99.85985123021172,12.3482921233614,12.765366500719276,10.26502349530374
human_liver_34.png,human_liver_34.png,30,0.00011444091796875,135.33705893572383,70.4880793438871,100.58107953461759,11.886730576935655,14.9414523035912,11.292219678604026
human_liver_20.png,human_liver_20.png,32,0.0001220703125,135.7711996948312,74.5300781995041,101.72328819378218,11.66051951109915,16.150659212368872,11.281318933441929
human_liver_08.png,human_liver_08.png,32,0.0001220703125,136.99671943543774,72.67339309555598,101.87552927713142,12.099794400031689,15.302084482114656,11.061427244645508
human_liver_36.png,human_liver_36.png,32,0.0001220703125,134.36234979973298,71.66427617776083,102.42696929238986,13.495197384308222,15.073605781326135,11.367835831918104
human_liver_22.png,human_liver_22.png,37,0.000141143798828125,134.41686057600612,64.36517261110052,99.31001335113484,12.821821453420092,12.715534063007075,9.878150485246088
human_liver_23.png,human_liver_23.png,35,0.000133514404296875,134.4128170894526,64.98867060843028,99.87106618348274,12.996251595714693,12.122248490105816,9.545462664257546
human_liver_37.png,human_liver_37.png,32,0.0001220703125,136.2798779324814,74.46526797634942,101.64974251382796,11.18360550386007,14.09772454560725,10.511818976477798
human_liver_40.png,human_liver_40.png,28,0.0001068115234375,135.1172611100515,69.10123974823574,98.10833492275415,10.86042312077666,12.050743544587798,9.725604669336603
human_liver_12.png,human_liver_12.png,23,8.7738037109375e-05,135.81739462139996,76.04810223154682,104.7231737554835,12.263330539162116,21.841932404896973,14.000327060760414
human_liver_06.png,human_liver_06.png,36,0.0001373291015625,134.50349036810985,69.07877169559413,101.85733358764067,11.974738861627424,14.752771343367755,10.849193259313939
human_liver_07.png,human_liver_07.png,30,0.00011444091796875,138.32408926187298,74.69715811558268,103.79992370780087,11.033219372459408,12.084360376839255,8.615453471625276
human_liver_13.png,human_liver_13.png,33,0.000125885009765625,133.06244516498188,66.10951745184055,98.40751478161359,12.531074900271141,12.491276491237256,9.686584865798292
human_liver_05.png,human_liver_05.png,38,0.00014495849609375,133.4714094983788,65.76120541674614,99.3988174709136,13.073165666885911,12.513175426584889,9.66294720405636
human_liver_11.png,human_liver_11.png,31,0.000118255615234375,135.26732786572572,64.0368872782758,97.90299446881556,12.347666580048179,11.03050981879605,9.129095774494697
human_liver_39.png,human_liver_39.png,26,9.918212890625e-05,135.37669273316803,71.97825672325004,99.12157161930193,11.351141505394505,14.481925710362548,10.805865050198113
human_liver_38.png,human_liver_38.png,64,0.000244140625,132.04779706275033,80.93904253290101,102.9597558649628,14.359352413227752,15.032523187550035,10.364143469780732
human_liver_10.png,human_liver_10.png,22,8.392333984375e-05,137.77184817852375,75.44794964714858,103.39927522410834,11.596072957172442,17.096475670350394,11.927084381186521
human_liver_04.png,human_liver_04.png,36,0.0001373291015625,133.84035857333586,66.00232691207324,99.53290101087164,14.443614546518214,12.325214945103575,10.098548120961173
human_liver_28.png,human_liver_28.png,24,9.1552734375e-05,138.9958420751478,82.90066755674232,107.1512874308602,11.382166379599845,20.611166686827087,14.593822936500715
human_liver_14.png,human_liver_14.png,36,0.0001373291015625,133.25859240892618,67.87201983597177,99.83551401869158,13.332706136074725,13.09416537078899,9.978467636956537
human_liver_15.png,human_liver_15.png,53,0.000202178955078125,128.89677665458706,66.08334922754149,97.69784474537478,15.969094075056406,14.190449896995739,10.737961608301573
human_liver_01.png,human_liver_01.png,40,0.000152587890625,136.54609956131986,64.97093267213427,99.65302307839023,12.646815532455761,11.191547194961814,9.062278214447485
human_liver_29.png,human_liver_29.png,15,5.7220458984375e-05,138.8297921037574,85.1767308792676,107.38840358573336,11.275751517383837,28.140617320095682,18.99712906292972
human_liver_17.png,human_liver_17.png,26,9.918212890625e-05,136.12794201792866,68.77982071333206,98.5095555979401,10.515144219739696,10.210922869091757,8.468535420796616
human_liver_03.png,human_liver_03.png,34,0.00012969970703125,134.1968338737364,65.0918176616441,99.56448598130841,12.762159665553009,12.409882661594896,9.23923405825192
human_liver_02.png,human_liver_02.png,43,0.000164031982421875,135.54770169750142,66.29761586877741,100.37402250619874,13.369343719091141,12.027747817690807,9.34688837575684
human_liver_16.png,human_liver_16.png,37,0.000141143798828125,133.73686820522602,68.68285332824719,100.64089261872974,12.849365570737785,13.609710945731388,10.796982792689056
human_lung_1.png,human_lung_1.png,30,0.00011444091796875,118.39805454892237,104.47858096509631,123.0006866297921,37.677204583327104,42.12318099796651,27.76300343312516
human_lung_3.png,human_lung_3.png,44,0.0001678466796875,91.75655159259966,65.83425519740607,103.5364867442304,30.679930680615694,30.770687394044227,21.094127847718415
human_lung_2.png,human_lung_2.png,12,4.57763671875e-05,134.53583826053787,124.75777226778563,135.773564753004,25.008277157298973,33.81013837517275,18.546358636338912
human_lung_6.png,human_lung_6.png,36,0.0001373291015625,100.55662788479879,60.954720579820716,101.42391760442494,27.08931525154235,24.201873069134177,17.195411214569635
human_lung_7.png,human_lung_7.png,37,0.000141143798828125,93.68891855807743,53.28258630555026,97.50299446881556,22.54320295899907,14.891116800016226,13.075466505433043
human_lung_4.png,human_lung_4.png,23,8.7738037109375e-05,102.13148960518787,77.70375739080679,108.76349418271981,30.11596745134475,32.26728291069683,23.371528185643392
human_lung_9.png,human_lung_9.png,21,8.0108642578125e-05,101.03894716765211,67.2770169750143,104.72180049589929,30.34582117313391,33.50786887393068,22.067749003924128
human_lung_8.png,human_lung_8.png,18,6.866455078125e-05,108.60659927522411,55.43749761586878,96.99908449361052,21.713270177156776,22.0969370441799,16.474663360013793
human_lung_12.png,human_lung_12.png,35,0.000133514404296875,96.97638756437155,42.65416746137707,88.36639328628648,21.18981036893404,10.947185962432725,11.562957872203265
human_lung_10.png,human_lung_10.png,2,7.62939453125e-06,124.12397482357429,68.66355140186916,110.74213236696548,14.551392127507881,12.481093882191193,10.44827922703319
human_lung_11.png,human_lung_11.png,35,0.000133514404296875,98.75113484646195,53.72664505054358,98.29834064466908,22.579007366782296,15.039097293186922,13.433427633435914
human_melanoma_08.png,human_melanoma_08.png,64,0.000244140625,104.36738508487507,84.81583063131795,110.45214571810033,26.521202882530723,30.438801711615746,22.322707064526586
human_melanoma_09.png,human_melanoma_09.png,29,0.000110626220703125,101.12336448598131,79.10787716955942,106.14686248331108,22.356125323314988,24.533739315584445,18.581628686422057
human_melanoma_02.png,human_melanoma_02.png,31,0.000118255615234375,99.12740797253481,81.53614342933435,106.81876788098417,28.235877700613504,30.709241989140892,22.57189160279707
human_melanoma_03.png,human_melanoma_03.png,59,0.000225067138671875,99.9395384321953,90.71974060652299,112.97673087926759,29.897771762736667,31.91079494521138,23.4115766015756
human_melanoma_01.png,human_melanoma_01.png,57,0.000217437744140625,102.7787907686439,81.43822239176045,108.69971390425329,17.813108010688975,17.526753698814268,14.382412580664122
human_melanoma_04.png,human_melanoma_04.png,42,0.00016021728515625,101.06492466145336,90.12042723631508,114.0810604615678,28.2696839973526,30.631371807704856,21.194924473597666
human_melanoma_10.png,human_melanoma_10.png,43,0.000164031982421875,98.24878886133892,84.6283044058745,110.53518977684531,25.636728759599585,26.65694652328172,19.148186181535745
human_melanoma_11.png,human_melanoma_11.png,18,6.866455078125e-05,109.28495136372305,89.02056074766355,114.47659736791913,21.755704484137162,25.317989040487483,17.346838703008196
human_melanoma_05.png,human_melanoma_05.png,55,0.000209808349609375,103.74041579248522,67.0218958611482,97.46641235933626,19.311538393995846,21.234691612010042,19.19240759994558
human_melanoma_07.png,human_melanoma_07.png,41,0.000156402587890625,104.81453366393286,94.04157924852184,114.87247758916651,28.514758393166137,31.5717413118276,22.150216867764048
human_melanoma_06.png,human_melanoma_06.png,38,0.00014495849609375,101.9533473202365,87.5428952889567,114.23711615487316,22.002399556837695,21.345871135728046,15.423467590246787
human_melanoma_12.png,human_melanoma_12.png,32,0.0001220703125,99.20366202555789,64.04108334922753,96.02407018882319,23.396030389199893,30.53361695542188,22.7749371298952
human_muscle_10.png,human_muscle_10.png,6,2.288818359375e-05,107.53824146481023,66.98207133320618,109.67533854663361,12.905846653884327,13.528556517483752,8.926405198088293
human_muscle_1.png,human_muscle_1.png,29,0.000110626220703125,103.0244516498188,74.77787526225444,111.57924852183864,18.40279536446817,15.560560835191867,10.841889206047242
human_muscle_3.png,human_muscle_3.png,8,3.0517578125e-05,107.56967385084874,78.73759298111769,114.00022887659736,12.36317446306466,12.629508241924858,8.79651500754479
human_muscle_2.png,human_muscle_2.png,8,3.0517578125e-05,107.22548159450696,66.4857905779134,109.648521838642,14.839257204742864,12.49363363643866,9.58242295487447
human_muscle_6.png,human_muscle_6.png,8,3.0517578125e-05,104.00465382414649,81.59343887087546,114.10188823192829,11.946558207025053,11.602184104967534,8.897390909822617
human_muscle_7.png,human_muscle_7.png,36,0.0001373291015625,100.74365821094793,78.60232691207324,113.25672325004768,17.27095374728167,17.204275001178303,11.348898272094779
human_muscle_5.png,human_muscle_5.png,12,4.57763671875e-05,109.01171085256533,58.44024413503719,104.95475872592027,10.689681415137393,14.371449198568776,9.230389450542978
human_muscle_9.png,human_muscle_9.png,2,7.62939453125e-06,109.35399580392905,69.3786000381461,109.9624260919321,13.328363602784808,18.510090133718904,11.016309220527852
human_muscle_8.png,human_muscle_8.png,11,4.1961669921875e-05,95.09086400915507,71.78744993324433,109.33209994278086,16.28245764399476,16.88774311956012,11.529928942163309
human_oesophagus_10.png,human_oesophagus_10.png,18,6.866455078125e-05,108.50574098798398,66.45962235361435,86.70078199504101,11.18235252744761,9.228869882084705,6.474895943067314
human_oesophagus_04.png,human_oesophagus_04.png,43,0.000164031982421875,129.67591073812702,75.67121876788099,91.36540148769788,11.574344912016748,9.781354187483547,7.28715873309151
human_oesophagus_38.png,human_oesophagus_38.png,27,0.000102996826171875,115.40503528514209,66.408086973107,89.37104711043295,10.948897884285069,9.373375448154912,6.750957504461028
human_oesophagus_39.png,human_oesophagus_39.png,42,0.00016021728515625,113.5752431813847,62.19111195880221,87.87572000762923,10.456389426236003,7.462049777443032,6.242695050597091
human_oesophagus_05.png,human_oesophagus_05.png,33,0.000125885009765625,134.32153347320238,81.41659355330917,98.90844936105283,9.407199134196345,6.6583483090785345,5.880299654844628
human_oesophagus_11.png,human_oesophagus_11.png,53,0.000202178955078125,89.18741178714477,43.11451459088308,72.55121113866107,15.534041232001133,8.845395170581831,7.512133992784745
human_oesophagus_07.png,human_oesophagus_07.png,61,0.000232696533203125,81.37413694449742,37.65409116917795,68.08617203890903,17.310482718108847,9.977317970195912,8.351386392524887
human_oesophagus_13.png,human_oesophagus_13.png,40,0.000152587890625,116.47728399771124,66.61659355330917,89.64432576769025,10.09286694147161,8.302136898763017,6.231786181377835
human_oesophagus_12.png,human_oesophagus_12.png,14,5.340576171875e-05,111.51649818806027,71.53465573145147,89.06019454510776,10.8185079836686,9.105033296378986,6.312175800933987
human_oesophagus_06.png,human_oesophagus_06.png,19,7.2479248046875e-05,110.22860957467098,66.51871066183483,85.95380507343124,12.413129677751746,10.501890463896158,6.909444116773791
human_oesophagus_02.png,human_oesophagus_02.png,50,0.00019073486328125,125.51752813274842,68.88762159069235,87.09979019645242,17.04433605073474,12.994599640069357,8.071955980372913
human_oesophagus_16.png,human_oesophagus_16.png,14,5.340576171875e-05,121.7693305359527,76.98405493038337,94.84909403013542,8.8756560507889,7.327309559512491,5.796271059158174
human_oesophagus_17.png,human_oesophagus_17.png,44,0.0001678466796875,132.99938966240703,78.98748807934389,95.96181575433911,9.806108070608381,6.489057959811975,5.657928960399441
human_oesophagus_03.png,human_oesophagus_03.png,20,7.62939453125e-05,122.07301163456037,77.30555025748617,96.10738127026512,10.845852213264923,11.778783886911643,7.389712273246733
human_oesophagus_29.png,human_oesophagus_29.png,41,0.000156402587890625,116.9074957085638,61.63990082014114,89.71909212283045,12.973602032159475,12.083476364782369,8.421685753826342
human_oesophagus_15.png,human_oesophagus_15.png,65,0.000247955322265625,109.05386229258059,56.59874117871448,84.22284951363723,11.18809063153811,7.59944725912652,6.073596921024795
human_oesophagus_01.png,human_oesophagus_01.png,19,7.2479248046875e-05,121.02162883845126,74.71352279229448,94.46881556360862,10.252808096709947,11.608438656099674,7.736570336348257
human_oesophagus_14.png,human_oesophagus_14.png,18,6.866455078125e-05,118.12061796681289,69.07232500476826,90.59481213045966,9.761181484358694,8.029358849846803,6.025725555510439
human_oesophagus_28.png,human_oesophagus_28.png,54,0.00020599365234375,118.74701506770933,63.00251764257105,85.28159450696167,18.590800417241116,15.102808509180845,8.242373802216493
human_oesophagus_48.png,human_oesophagus_48.png,17,6.4849853515625e-05,105.127217242037,64.49494564180813,84.8920083921419,11.24479870946204,9.203763007171663,6.4423654878236505
human_oesophagus_46.png,human_oesophagus_46.png,68,0.0002593994140625,111.63574289528896,69.89265687583445,82.9951554453557,21.832424663671965,14.442599079950678,8.504833385279799
human_oesophagus_47.png,human_oesophagus_47.png,53,0.000202178955078125,115.95044821666984,70.99809269502194,83.7774175090597,19.609443003337518,13.173190028203456,7.999986246329402
human_oesophagus_45.png,human_oesophagus_45.png,30,0.00011444091796875,121.37962998283426,81.09532710280374,90.04890329963762,11.707161731039385,10.611325100653735,6.8754132044290275
human_oesophagus_44.png,human_oesophagus_44.png,36,0.0001373291015625,117.62750333778371,79.69185580774366,87.8829296204463,15.523406272094936,13.593980014216932,7.9092306977973745
human_oesophagus_40.png,human_oesophagus_40.png,17,6.4849853515625e-05,120.82113293915697,79.25882128552355,95.79389662407019,9.160072852829703,9.475432557238515,6.344979207741037
human_oesophagus_41.png,human_oesophagus_41.png,44,0.0001678466796875,114.94781613580011,59.260652298302496,87.28449361052833,10.833454962420936,8.309298333114372,6.763417790154905
human_oesophagus_43.png,human_oesophagus_43.png,49,0.000186920166015625,117.94224680526416,78.83734503147053,87.51996948312035,17.747536046731856,13.468169380665852,7.914779006416507
human_oesophagus_42.png,human_oesophagus_42.png,94,0.00035858154296875,88.63356856761396,49.54724394430669,72.14663360671372,28.275241860944153,21.45195096500629,12.628469845382496
human_oesophagus_31.png,human_oesophagus_31.png,59,0.000225067138671875,111.22815182147626,68.49753957657829,83.32153347320236,25.43529142986742,17.752142664746078,10.321578910310627
human_oesophagus_25.png,human_oesophagus_25.png,9,3.4332275390625e-05,125.5831394239939,90.42567232500477,102.05233644859813,8.751588063567954,7.419258110021465,6.058561546307481
human_oesophagus_18.png,human_oesophagus_18.png,41,0.000156402587890625,95.24577531947358,49.00671371352279,75.21438107953462,15.635612590011004,11.916789538795115,8.507781447510983
human_oesophagus_24.png,human_oesophagus_24.png,24,9.1552734375e-05,104.84661453366394,63.869120732405115,84.28533282471868,11.458226273882898,9.242398618500753,6.542403277356634
human_oesophagus_30.png,human_oesophagus_30.png,29,0.000110626220703125,101.01663169940873,54.632500476826245,79.55735266069044,16.615142780597687,13.221944534170683,9.58213242882034
human_oesophagus_26.png,human_oesophagus_26.png,66,0.00025177001953125,122.39935151630746,68.727217242037,88.16566851039481,15.652197026356692,14.79845181949684,8.460211937388642
human_oesophagus_32.png,human_oesophagus_32.png,37,0.000141143798828125,119.11924470722869,73.39168415029563,86.73988174709136,14.287536921173528,12.392217271692013,7.453141184011513
human_oesophagus_33.png,human_oesophagus_33.png,43,0.000164031982421875,119.9476254053023,79.56334159832157,90.61110051497235,11.898498006210481,8.592534254135215,6.076749164022389
human_oesophagus_27.png,human_oesophagus_27.png,10,3.814697265625e-05,123.6020598893763,81.43955750524509,98.86160595079153,8.889343869881552,7.6169750768694415,5.929865081209309
human_oesophagus_23.png,human_oesophagus_23.png,39,0.000148773193359375,93.4437917222964,47.33679191302689,74.23593362578676,14.965086110433429,9.64594167983132,7.587560592180836
human_oesophagus_37.png,human_oesophagus_37.png,49,0.000186920166015625,112.0038527560557,64.55632271600228,88.10791531565897,13.017027846500751,13.124594889632526,8.176364450732583
human_oesophagus_36.png,human_oesophagus_36.png,12,4.57763671875e-05,113.900781995041,75.725042914362,91.77112340263209,10.425717798150853,9.004172024146598,6.193857097285213
human_oesophagus_22.png,human_oesophagus_22.png,43,0.000164031982421875,95.44508868968148,50.92363150867824,76.3224871256914,15.002748435556436,11.516400019035908,8.385858812981358
human_oesophagus_08.png,human_oesophagus_08.png,36,0.0001373291015625,121.21129124547015,73.93488460804883,84.98893763112721,19.70723220675247,13.649669550907719,8.029881234145689
human_oesophagus_34.png,human_oesophagus_34.png,67,0.000255584716796875,90.39412550066756,49.027884798779326,76.0442876215907,18.88580567848219,13.244427595740678,9.562777474646897
human_oesophagus_20.png,human_oesophagus_20.png,82,0.00031280517578125,93.3438870875453,52.9797825672325,74.34396337974442,24.884136516233124,19.082235962913064,10.660615881053674
human_oesophagus_21.png,human_oesophagus_21.png,51,0.000194549560546875,116.55945069616632,74.19450696166317,86.03013541865344,14.736356988198176,12.64819866947048,7.340824561711274
human_oesophagus_35.png,human_oesophagus_35.png,48,0.00018310546875,94.39561319855045,48.29834064466908,76.49513637230594,15.516033182938191,10.692557724202883,7.849186722845142
human_oesophagus_09.png,human_oesophagus_09.png,23,8.7738037109375e-05,121.40892618729735,79.09708182338356,88.76418081251192,12.381288003641302,10.152993161698797,6.261137064204218
human_pancreas_05.png,human_pancreas_05.png,67,0.000255584716796875,109.46404730116346,44.97959183673469,83.67186725157353,30.093496537270198,15.109333981351053,12.74619299631146
human_pancreas_11.png,human_pancreas_11.png,52,0.0001983642578125,115.97634941827198,49.747243944306696,88.50783902345985,29.338276017795106,18.827274600111764,15.487242125893712
human_pancreas_39.png,human_pancreas_39.png,51,0.000194549560546875,102.14484074003433,46.95487316421896,85.86198741178714,28.72543077900235,16.107302332791463,13.764960713591705
human_pancreas_38.png,human_pancreas_38.png,44,0.0001678466796875,109.4254434484074,50.16402822811367,87.75472057982071,27.1063882818152,17.979880122214315,14.065727909842794
human_pancreas_10.png,human_pancreas_10.png,44,0.0001678466796875,100.6972344077818,54.06297921037574,88.88449361052832,29.997173208733603,32.40718022018459,19.845103252042165
human_pancreas_04.png,human_pancreas_04.png,32,0.0001220703125,120.1567041769979,45.18439824527942,83.95411024222773,18.247783024875673,6.8676894275256455,7.059167384241655
human_pancreas_12.png,human_pancreas_12.png,47,0.000179290771484375,108.70555025748617,49.98291054739653,89.33801258821285,26.93889082936494,17.482224256108903,13.120000835108582
human_pancreas_06.png,human_pancreas_06.png,52,0.0001983642578125,97.19767308792676,43.36170131604044,84.22056074766355,28.188244667638013,13.186270014081932,11.389580881288886
human_pancreas_07.png,human_pancreas_07.png,50,0.00019073486328125,97.41556360862101,40.39660499713904,80.13820331871067,28.449791042104543,16.86728609977681,12.948275581154139
human_pancreas_13.png,human_pancreas_13.png,52,0.0001983642578125,101.04184627121877,43.135342361243566,82.45004768262446,26.746322147404843,12.086527328752238,10.854803235795085
human_pancreas_17.png,human_pancreas_17.png,54,0.00020599365234375,97.35189776845317,43.65874499332443,83.33202365058173,28.147832368158976,15.832475952358358,12.82326655051554
human_pancreas_03.png,human_pancreas_03.png,40,0.000152587890625,94.94667175281327,41.25912645432005,82.1211138661072,25.17109217446483,11.721565932722282,10.45393237116033
human_pancreas_02.png,human_pancreas_02.png,50,0.00019073486328125,100.78817470913599,45.23124165554072,84.864695784856,27.76275387860998,14.532653733270829,11.888994932034812
human_pancreas_16.png,human_pancreas_16.png,39,0.000148773193359375,102.19282853328247,47.97772267785619,86.75338546633607,25.31148412029025,16.922237456771136,12.242596172967275
human_pancreas_28.png,human_pancreas_28.png,55,0.000209808349609375,99.57924852183864,42.699332443257674,82.91954987602517,29.952627809443538,13.751903983887543,12.467067938170485
human_pancreas_14.png,human_pancreas_14.png,45,0.000171661376953125,91.64882700743848,38.95716193019264,78.44028228113676,26.190494146765243,12.327737136732084,11.44582852951709
human_pancreas_15.png,human_pancreas_15.png,29,0.000110626220703125,120.19252336448598,46.204539385847795,83.93045966049971,18.85919329243447,7.255783594341988,7.869254478569566
human_pancreas_01.png,human_pancreas_01.png,55,0.000209808349609375,104.50005721914934,46.16399008201412,88.51901583063132,26.832853935978882,12.475208306943706,10.564744162103374
human_pancreas_29.png,human_pancreas_29.png,68,0.0002593994140625,102.8913217623498,43.39103566660309,83.24562273507534,28.788468944052966,15.079926284482886,12.96280486411123
human_pancreas_44.png,human_pancreas_44.png,45,0.000171661376953125,95.49494564180813,44.6232691207324,85.63524699599466,25.492376619274502,17.537105868322406,13.677337064678902
human_pancreas_41.png,human_pancreas_41.png,38,0.00014495849609375,118.20602708373069,57.26667938203319,90.54213236696548,31.02938886606562,25.299898448576915,19.863635072056237
human_pancreas_40.png,human_pancreas_40.png,40,0.000152587890625,109.94320045775319,62.03848941445737,93.79786381842456,28.122711694380826,34.455748910788074,19.938195445584196
human_pancreas_42.png,human_pancreas_42.png,38,0.00014495849609375,111.76986458134655,56.172420370017164,92.74503147053214,23.346829456301254,26.70054383349321,16.570192153070035
human_pancreas_43.png,human_pancreas_43.png,45,0.000171661376953125,84.71279801640283,35.899065420560746,78.3723822239176,22.506671108230144,9.712268947768196,10.310263695378882
human_pancreas_24.png,human_pancreas_24.png,58,0.00022125244140625,90.05435819187488,39.77989700553118,80.05714285714286,30.987158433407476,15.91712036764469,14.01066649057796
human_pancreas_30.png,human_pancreas_30.png,65,0.000247955322265625,94.90890711424757,40.12805645622735,81.10017165744803,27.457599285851497,13.810638819109412,12.708884031625193
human_pancreas_18.png,human_pancreas_18.png,58,0.00022125244140625,113.12767499523174,49.53919511729926,83.89723440778181,32.06235322682614,23.342137181218014,19.385374846613566
human_pancreas_19.png,human_pancreas_19.png,49,0.000186920166015625,83.35346175853519,35.55117299256151,76.62113293915696,24.44123987235535,12.14654479688705,11.875456913986635
human_pancreas_31.png,human_pancreas_31.png,48,0.00018310546875,102.4333396910166,47.48064085447263,88.89540339500286,26.390783262381312,16.451307104444066,14.472560732516019
human_pancreas_25.png,human_pancreas_25.png,40,0.000152587890625,106.40503528514209,46.76852946786191,85.89040625596033,29.114072105395486,15.490593131323704,12.968013491459725
human_pancreas_33.png,human_pancreas_33.png,63,0.000240325927734375,102.5750524508869,44.57646385657067,85.87674995231738,30.492277460284395,16.868702875001535,15.033736337648051
human_pancreas_27.png,human_pancreas_27.png,49,0.000186920166015625,104.98348273888995,48.53011634560366,88.50757200076292,26.36762781529629,15.67397667012256,12.65386288554985
human_pancreas_26.png,human_pancreas_26.png,29,0.000110626220703125,115.1834445927904,43.93042151440015,83.31810032424184,19.507579883097076,6.744595646201179,6.7445313749239455
human_pancreas_32.png,human_pancreas_32.png,50,0.00019073486328125,95.04791150104901,50.475796299828346,87.26664123593362,28.566553538137725,31.049214558345085,18.31490095773856
human_pancreas_36.png,human_pancreas_36.png,31,0.000118255615234375,110.39992370780088,52.862559603280566,87.02109479305742,27.31941396787036,24.30694885865178,15.519766253319494
human_pancreas_22.png,human_pancreas_22.png,38,0.00014495849609375,98.50833492275414,46.22517642571047,87.9125309937059,23.20160169352802,14.029529065934565,12.116304013497452
human_pancreas_23.png,human_pancreas_23.png,43,0.000164031982421875,107.9581918748808,45.54114056837688,87.24676711806218,23.73213909505184,10.74766918456726,10.567950684560598
human_pancreas_37.png,human_pancreas_37.png,29,0.000110626220703125,125.12511920656112,41.38268167079916,74.27098989128362,21.279685357783883,5.8407009365350735,7.4975916733787225
human_pancreas_09.png,human_pancreas_09.png,63,0.000240325927734375,102.69143620064848,45.66389471676521,86.35811558268168,28.427926022976855,18.429039826329618,14.307246804194952
human_pancreas_21.png,human_pancreas_21.png,52,0.0001983642578125,86.7196261682243,37.2849132176235,77.90219340072477,27.157333819373036,16.557905009900903,14.22836717066629
human_pancreas_35.png,human_pancreas_35.png,49,0.000186920166015625,110.75704749189396,50.619492656875835,86.42933435056266,30.187162141742995,18.55601027762488,15.230530439934224
human_pancreas_34.png,human_pancreas_34.png,59,0.000225067138671875,105.2637039862674,45.15964142666412,85.72736982643525,25.39038402183007,12.811190542406417,11.73097009787883
human_pancreas_20.png,human_pancreas_20.png,40,0.000152587890625,99.59000572191493,48.51722296395194,87.1248521838642,26.408300515639464,22.92486793545743,15.39765279416952
human_pancreas_08.png,human_pancreas_08.png,58,0.00022125244140625,108.13423612435628,43.28327293534236,80.36940682815182,31.224429018038318,15.680680678022771,13.5998601268965
human_peritoneum_2.png,human_peritoneum_2.png,25,9.5367431640625e-05,87.99332443257677,62.91394239938966,101.41308411214953,22.625193130054303,23.862037388002488,16.217186194348276
human_peritoneum_3.png,human_peritoneum_3.png,64,0.000244140625,98.94495517833302,65.90444402059889,103.81628838451269,23.38283788152255,17.50021566829489,13.74300126338279
human_peritoneum_1.png,human_peritoneum_1.png,35,0.000133514404296875,94.73747854281899,73.33427427045585,108.07846652679764,25.57451057896295,30.81456152791807,18.53805524971585
human_peritoneum_4.png,human_peritoneum_4.png,74,0.00028228759765625,85.55033377837117,63.64608048827007,101.3012778943353,23.180456472154834,23.926129508758624,16.66859834501258
human_peritoneum_5.png,human_peritoneum_5.png,40,0.000152587890625,100.2987221056647,75.73087926759489,108.2712950600801,25.75661825304949,28.904215696616635,18.249543403277315
human_peritoneum_7.png,human_peritoneum_7.png,33,0.000125885009765625,87.2431050925043,62.79599465954606,102.34094983787908,20.58393375589049,22.78300307347426,15.035326942863971
human_peritoneum_6.png,human_peritoneum_6.png,38,0.00014495849609375,89.92458516116727,63.213999618539006,103.41750905969865,20.402273217134695,21.883815293850677,14.81278857774085
human_peritoneum_11.png,human_peritoneum_11.png,49,0.000186920166015625,92.65332824718672,72.65641808125119,106.4601563990082,24.83776192027179,28.917648868547413,17.88689125121514
human_peritoneum_10.png,human_peritoneum_10.png,15,5.7220458984375e-05,113.90322334541293,84.72191493419798,116.47961090978447,17.03793153834618,19.33884760027318,12.06520344465958
human_peritoneum_12.png,human_peritoneum_12.png,23,8.7738037109375e-05,116.83978638184246,94.81827198168988,117.99050162120923,18.177767893146353,21.34100331689772,13.730643108456277
human_peritoneum_8.png,human_peritoneum_8.png,29,0.000110626220703125,91.39607095174519,68.43951935914552,104.2643906160595,24.83737270302127,29.318740606500246,18.524781211280455
human_peritoneum_9.png,human_peritoneum_9.png,30,0.00011444091796875,95.74083539958039,73.98207133320618,108.38828914743468,23.62821192651603,28.19829214843961,17.267663842076907
human_placenta_36.png,human_placenta_36.png,60,0.0002288818359375,106.00812511920657,67.36917795155445,99.56555407209613,22.957730332251426,22.454189357741832,13.207672498573212
human_placenta_22.png,human_placenta_22.png,28,0.0001068115234375,128.53927140949838,102.35754339118824,116.31592599656685,18.720349123300597,28.905535007403913,13.633033533104802
human_placenta_23.png,human_placenta_23.png,44,0.0001678466796875,117.24520312798016,87.23921419034903,108.51722296395194,26.549118384313573,33.425665369450975,16.971081948413943
human_placenta_37.png,human_placenta_37.png,19,7.2479248046875e-05,128.13663932862866,92.43292008392142,115.2965477779897,15.37423870105555,20.981000814840904,10.39471732640101
human_placenta_09.png,human_placenta_09.png,51,0.000194549560546875,127.9738699218005,99.18439824527943,119.2038527560557,20.55701829958102,29.906043102243995,15.309906377788483
human_placenta_21.png,human_placenta_21.png,39,0.000148773193359375,127.03200457753195,107.25500667556743,118.43284379172229,22.380112411534192,28.395631586657505,13.725703860340678
human_placenta_35.png,human_placenta_35.png,65,0.000247955322265625,100.68697310699982,64.51901583063132,96.38268167079916,25.064353793046028,27.38113824634394,16.254654917994767
human_placenta_34.png,human_placenta_34.png,5,1.9073486328125e-05,137.08357810413887,110.28125119206561,115.79568949074957,11.965026090116433,19.41543117147605,9.423289601436874
human_placenta_20.png,human_placenta_20.png,44,0.0001678466796875,115.81445737173374,64.12832347892429,101.62918176616441,23.181095114960026,21.401897345499382,12.976209214072522
human_placenta_08.png,human_placenta_08.png,70,0.00026702880859375,103.14972344077817,55.540339500286095,96.31405683768834,27.698275787734282,20.419690611659366,14.988213781422775
human_placenta_24.png,human_placenta_24.png,62,0.00023651123046875,106.21098607667366,69.62464238031662,100.34396337974442,28.22918386875964,28.574659684469502,16.203028896497887
human_placenta_30.png,human_placenta_30.png,43,0.000164031982421875,116.61308411214954,81.48998664886516,111.6648865153538,18.863289963957364,22.51671311920871,12.621760253291347
human_placenta_18.png,human_placenta_18.png,30,0.00011444091796875,133.5998855617013,108.12420370017166,121.06908258630556,16.011671071915863,29.6232285570163,13.37264137493404
human_placenta_19.png,human_placenta_19.png,11,4.1961669921875e-05,138.97306885370972,119.20698073621972,126.63093648674423,10.768542616101483,10.842631231079048,7.116110967696331
human_placenta_31.png,human_placenta_31.png,38,0.00014495849609375,120.02765592218196,85.96616440968911,104.58119397291627,27.929517396424757,31.72196769314694,15.74856914278122
human_placenta_25.png,human_placenta_25.png,79,0.000301361083984375,106.80595079153157,69.36234979973298,98.73511348464619,27.736777978512173,29.517195187220587,15.950859867080288
human_placenta_33.png,human_placenta_33.png,40,0.000152587890625,122.81792866679382,96.65576959755865,111.62510013351135,24.17718305687363,34.6827366925393,16.670421009788765
human_placenta_27.png,human_placenta_27.png,47,0.000179290771484375,120.87606332252527,79.58924279992371,110.6616440968911,18.564275432249655,20.94230193089516,11.90927747885066
human_placenta_26.png,human_placenta_26.png,36,0.0001373291015625,119.7762349799733,83.3774175090597,107.86797634941827,25.09370376982553,26.918351856076626,14.393484107300226
human_placenta_32.png,human_placenta_32.png,64,0.000244140625,114.49383940492085,82.08735456799542,105.9745565515926,23.19096908935892,25.062366578245502,13.783791421089745
human_placenta_40.png,human_placenta_40.png,44,0.0001678466796875,120.24581346557315,82.15777226778562,110.75018119397292,19.57500184509493,25.702910593274762,13.888470137884411
human_placenta_17.png,human_placenta_17.png,40,0.000152587890625,123.18180431050925,92.79710089643334,113.9139042532901,19.662653232078597,27.6482536689553,13.599475876376161
human_placenta_03.png,human_placenta_03.png,29,0.000110626220703125,129.04291436200648,111.45279420179287,120.34857905779134,16.390842753263957,17.233192485530978,8.673154005504605
human_placenta_02.png,human_placenta_02.png,36,0.0001373291015625,129.08556170131604,109.02757962998284,118.4289910356666,19.3456716068983,25.69310732967774,11.734125578915958
human_placenta_16.png,human_placenta_16.png,28,0.0001068115234375,126.88525653251955,86.83719244707228,108.51363723059318,17.734104133673824,21.734778062621164,10.495801499664204
human_placenta_28.png,human_placenta_28.png,48,0.00018310546875,125.6872782757963,98.86648865153538,119.02254434484074,18.841086649907993,24.25610911310591,12.136573692418343
human_placenta_14.png,human_placenta_14.png,50,0.00019073486328125,115.8577913408354,85.52275414838833,104.41689872210567,30.23228014513514,35.70995230166784,17.407585160723233
human_placenta_15.png,human_placenta_15.png,61,0.000232696533203125,109.44047301163457,69.2955559794011,98.67316421895862,22.045304606708036,23.1888761274584,13.033988741844407
human_placenta_01.png,human_placenta_01.png,46,0.00017547607421875,120.65321380888804,96.42826625977494,111.8107572000763,29.19707930411486,37.99600893277894,19.247400171686756
human_placenta_29.png,human_placenta_29.png,57,0.000217437744140625,123.9710089643334,89.51131031851993,114.73595269883654,20.53016924434212,28.093757631742456,15.238044111678823
human_placenta_05.png,human_placenta_05.png,43,0.000164031982421875,122.45397673087926,68.0401296967385,101.00747663551402,21.793298575150338,18.79721612646045,11.527774608912619
human_placenta_11.png,human_placenta_11.png,44,0.0001678466796875,117.97085637993516,93.41613580011443,111.446347510967,23.16594616606448,25.77791665386112,13.256535550425742
human_placenta_39.png,human_placenta_39.png,21,8.0108642578125e-05,138.65061987411787,122.8561129124547,128.45367156208277,11.532625485899477,12.600462979038724,7.740679478652511
human_placenta_38.png,human_placenta_38.png,38,0.00014495849609375,128.39485027655923,105.93980545489224,120.5805836353233,17.54042539865106,26.946015933181815,12.688743664964234
human_placenta_10.png,human_placenta_10.png,36,0.0001373291015625,125.06362769406829,93.96917795155446,116.1288956704177,22.944831686581402,35.653974761578134,17.300196364785673
human_placenta_04.png,human_placenta_04.png,55,0.000209808349609375,114.28834636658402,80.50726683196643,106.20762921991226,25.71367851961868,27.30134487235653,14.689805389536426
human_placenta_12.png,human_placenta_12.png,57,0.000217437744140625,115.41563990082014,74.51024222773222,104.11760442494754,20.736670550899685,16.007001853359913,9.22931506417463
human_placenta_06.png,human_placenta_06.png,54,0.00020599365234375,118.12736982643524,89.28487507152394,110.04794964714858,23.641795451417828,30.498996180105994,15.233790912108038
human_placenta_07.png,human_placenta_07.png,28,0.0001068115234375,129.32580583635323,92.90200267022696,115.73572382223918,15.618988004375327,25.981506682357782,12.03603067911118
human_placenta_13.png,human_placenta_13.png,58,0.00022125244140625,113.47026511539195,66.66282662597749,99.65748617203892,19.10157812647672,16.514765152292114,10.064346795473561
human_pylorus_11.png,human_pylorus_11.png,67,0.000255584716796875,99.0225824909403,64.72294487888614,104.337478542819,23.10349933504712,22.792897653248165,16.23681240124844
human_pylorus_10.png,human_pylorus_10.png,56,0.000213623046875,109.39027274461186,62.34213236696548,102.16006103375929,23.56360198546612,23.1151397542664,15.984352905830521
human_pylorus_12.png,human_pylorus_12.png,26,9.918212890625e-05,118.36463856570666,88.80171657448025,117.1489223726874,27.399716004959053,39.31248041832764,22.94632352648066
human_pylorus_4.png,human_pylorus_4.png,35,0.000133514404296875,103.42666412359337,52.822315468243374,99.57375548350181,13.720507547512339,10.801594151691468,9.734999403215616
human_pylorus_5.png,human_pylorus_5.png,29,0.000110626220703125,103.36555407209613,50.11661262635896,97.00381460995614,15.038687340664838,12.537377289683846,11.194494741318543
human_pylorus_7.png,human_pylorus_7.png,37,0.000141143798828125,103.89872210566469,46.22368872782758,94.73065039099752,14.867119618286582,8.476367140291073,9.480528289466317
human_pylorus_6.png,human_pylorus_6.png,27,0.000102996826171875,112.23436963570475,47.05786763303452,94.07160022887659,14.663485789051764,8.697276435012192,9.942920457670207
human_pylorus_2.png,human_pylorus_2.png,24,9.1552734375e-05,111.65470150677093,57.09971390425329,102.7845126835781,15.792566712895129,13.71335854099709,10.977944549527553
human_pylorus_3.png,human_pylorus_3.png,35,0.000133514404296875,106.8811748998665,57.00320427236315,101.12897196261682,18.9991726732081,19.846315622443925,13.609057448004744
human_pylorus_1.png,human_pylorus_1.png,33,0.000125885009765625,113.02067518596223,50.82227732214381,97.76566851039482,14.438183415560886,9.075694128785843,9.471318522921209
human_pylorus_8.png,human_pylorus_8.png,25,9.5367431640625e-05,112.46152965859241,83.57840930764829,111.59336257867633,30.384913836448437,44.067933694184894,27.059280536875402
human_pylorus_9.png,human_pylorus_9.png,34,0.00012969970703125,104.1198168987221,46.7578867060843,93.10532138088881,17.90317980777413,13.510860992182788,12.51120452656747
human_rectum_12.png,human_rectum_12.png,18,6.866455078125e-05,116.4111386610719,95.2399389662407,118.32710280373831,16.392241420016784,17.7050804971656,10.074148319830254
human_rectum_8.png,human_rectum_8.png,41,0.000156402587890625,105.80579820713332,95.66278847987793,116.74964714857906,33.434000631013944,36.90332698598394,23.070195260852792
human_rectum_9.png,human_rectum_9.png,31,0.000118255615234375,108.99877932481404,94.43864199885562,118.59752050352851,22.710784727329106,24.95826541675532,14.896090521669832
human_rectum_11.png,human_rectum_11.png,18,6.866455078125e-05,121.26561129124546,105.83055502574862,126.42056074766356,14.692511854021003,12.566304522889086,8.701093820534105
human_rectum_10.png,human_rectum_10.png,12,4.57763671875e-05,121.28300591264544,107.31424756818615,126.41411405683769,13.456360445329928,12.125060749136756,8.577502026724423
human_rectum_1.png,human_rectum_1.png,51,0.000194549560546875,96.41670799160786,84.80350944115965,110.25714285714285,29.99099736616547,33.32337405381392,21.134869851302817
human_rectum_2.png,human_rectum_2.png,13,4.9591064453125e-05,95.80049589929429,83.37009345794392,114.73602899103567,15.719106668618457,17.783802775840158,11.238148771787156
human_rectum_3.png,human_rectum_3.png,36,0.0001373291015625,104.68819378218578,87.71939729162693,116.54835018119397,20.940212882913833,22.16805051695322,12.980315598043362
human_rectum_7.png,human_rectum_7.png,20,7.62939453125e-05,114.87335494945641,104.32126645050543,123.46027083730688,26.691949665359708,31.249433819141924,17.432644550287602
human_rectum_6.png,human_rectum_6.png,17,6.4849853515625e-05,119.55952698836543,110.11424756818616,127.67282090406256,12.443346891679354,9.01460621735567,7.8007437765418945
human_rectum_4.png,human_rectum_4.png,37,0.000141143798828125,100.35895479687203,85.92530993705894,114.80625596032806,20.617601567283174,20.64938108121086,12.46380221253036
human_rectum_5.png,human_rectum_5.png,39,0.000148773193359375,98.38230020980355,85.44012969673851,113.53068853709708,23.139720721799275,24.787587247240094,15.00659535984692
human_salivory_32.png,human_salivory_32.png,76,0.0002899169921875,118.42716002288766,58.85802021743277,94.04890329963762,16.028418237327134,10.781125826611737,9.07753556610152
human_salivory_26.png,human_salivory_26.png,15,5.7220458984375e-05,140.74110242227732,84.68468434102613,101.28289147434675,14.66089170709437,14.063445243388509,10.400696283904027
human_salivory_27.png,human_salivory_27.png,63,0.000240325927734375,118.26130078199505,62.78783139423994,95.88411214953271,17.72605243553383,14.935545822577128,11.640409749915143
human_salivory_33.png,human_salivory_33.png,81,0.000308990478515625,114.86267404157925,54.61033759298112,90.45504482166699,17.447152023596608,10.855295673291424,9.293158709051546
human_salivory_25.png,human_salivory_25.png,69,0.000263214111328125,117.01350371924471,56.454281899675756,93.04875071523936,18.042253604049883,10.727635576058166,9.428048892317175
human_salivory_31.png,human_salivory_31.png,93,0.000354766845703125,107.86515353805073,51.50825863055503,86.49547968720198,19.96308085647999,12.873640153258656,10.051925485391996
human_salivory_19.png,human_salivory_19.png,69,0.000263214111328125,111.34545107762732,54.3312607285905,87.33854663360671,17.925226253001266,14.111356987420884,10.11836942938285
human_salivory_18.png,human_salivory_18.png,62,0.00023651123046875,115.65573145145909,56.74163646767118,87.04054930383369,19.739253916938804,13.541618731572582,10.48921936609998
human_salivory_30.png,human_salivory_30.png,70,0.00026702880859375,118.61441922563418,63.60629410642762,93.91802403204272,19.1036309234297,15.568425576690831,11.496216418353725
human_salivory_24.png,human_salivory_24.png,54,0.00020599365234375,115.07964905588403,55.52862864772077,92.11653633415983,14.77114849549876,8.273090757213346,8.685895625388863
human_salivory_08.png,human_salivory_08.png,75,0.000286102294921875,113.13076482929621,54.721914934197976,88.6554262826626,18.78697522829826,11.977547116871625,9.307415261619797
human_salivory_20.png,human_salivory_20.png,67,0.000255584716796875,113.50055311844363,54.313751668891854,87.59382033187107,17.424226013889196,11.462819832370165,10.046550054191236
human_salivory_34.png,human_salivory_34.png,72,0.000274658203125,108.57402250619874,52.40625596032805,86.22757962998283,18.70339689673755,10.530102484128289,10.246498934417929
human_salivory_35.png,human_salivory_35.png,54,0.00020599365234375,112.55922181956895,56.23429334350563,90.09479305740987,15.227185162138444,12.886208017036376,10.853743827524232
human_salivory_21.png,human_salivory_21.png,69,0.000263214111328125,113.8984169368682,56.91943543772649,89.32386038527561,17.469064217273683,13.605596574911372,10.75342991883176
human_salivory_09.png,human_salivory_09.png,44,0.0001678466796875,128.21171085256532,71.51176807171467,92.11386610719055,16.43956444741189,17.579488550086424,12.67991349961867
human_salivory_37.png,human_salivory_37.png,74,0.00028228759765625,128.67606332252527,78.10356666030899,100.11764257104711,17.298394459509346,13.226528542177157,9.701902871749372
human_salivory_23.png,human_salivory_23.png,69,0.000263214111328125,123.1565134465001,69.18199504100706,99.65596032805645,23.526204806977184,23.126050616449934,16.786866825413863
human_salivory_22.png,human_salivory_22.png,53,0.000202178955078125,115.18123211901583,54.12180049589929,87.72408926187298,16.96458256076739,12.182191989911395,9.910654344001129
human_salivory_36.png,human_salivory_36.png,73,0.000278472900390625,114.64985695212664,55.93888994850276,89.55811558268167,17.701396142788077,11.122497063982474,10.082806516826622
human_salivory_44.png,human_salivory_44.png,86,0.00032806396484375,114.00694259012016,55.68365439633797,88.87522410833492,17.46226769128047,11.218152277748464,9.545735713159456
human_salivory_43.png,human_salivory_43.png,55,0.000209808349609375,114.70669464047302,57.205607476635514,89.31550638947168,16.373477918192563,12.229732073273414,10.838043503277293
human_salivory_42.png,human_salivory_42.png,65,0.000247955322265625,114.5162693114629,58.65027655922182,89.34304787335495,17.961198362576564,15.92837263970377,11.427670142156249
human_salivory_40.png,human_salivory_40.png,72,0.000274658203125,109.97104711043296,51.94201792866679,84.55113484646195,17.050562659395634,11.819246899150443,10.791801841314447
human_salivory_41.png,human_salivory_41.png,85,0.000324249267578125,111.70963189013924,54.84424947549113,87.4854091169178,18.046332086377,13.492995294390182,11.092522940755934
human_salivory_13.png,human_salivory_13.png,60,0.0002288818359375,113.76940682815182,55.776234979973296,90.6151821476254,14.666769773258627,8.677482296386527,9.043696153167895
human_salivory_07.png,human_salivory_07.png,77,0.000293731689453125,120.15681861529659,63.19481213045966,90.80812511920657,19.376851680004577,13.950138852409895,10.645582789749941
human_salivory_06.png,human_salivory_06.png,47,0.000179290771484375,125.40751478161359,65.96616440968911,95.25363341598322,16.424726455018444,12.257518780482343,8.56443103646342
human_salivory_12.png,human_salivory_12.png,81,0.000308990478515625,112.96303642952508,55.97589166507725,88.58271981689872,18.56607829093426,12.471414216323447,10.599292783847465
human_salivory_04.png,human_salivory_04.png,49,0.000186920166015625,132.48064085447263,85.0286858668701,105.56337974442113,15.812920119143019,14.505195723085722,9.755364422726803
human_salivory_10.png,human_salivory_10.png,55,0.000209808349609375,119.1167652107572,59.1322525271791,93.40820141140568,15.847554302400505,11.092430625628019,9.133495784680234
human_salivory_38.png,human_salivory_38.png,58,0.00022125244140625,115.87346938775511,61.95178333015449,93.5666603089834,15.685787118489646,11.941045106478489,10.404889732689156
human_salivory_39.png,human_salivory_39.png,65,0.000247955322265625,110.84711043295823,53.471829105473965,86.69025367156209,17.438458552345526,10.935479017690236,9.54547596400937
human_salivory_11.png,human_salivory_11.png,53,0.000202178955078125,120.69055884035858,66.44798779324815,95.46870112530993,19.981016943132467,27.992373032351217,16.78293510984111
human_salivory_05.png,human_salivory_05.png,46,0.00017547607421875,127.8370780087736,79.5914171275987,99.00625596032806,19.545594285337597,17.29828369191604,11.068050174108807
human_salivory_29.png,human_salivory_29.png,71,0.000270843505859375,117.59923707800877,61.00350944115964,91.88971962616823,19.281540946606555,18.022853736424626,13.845431825385724
human_salivory_01.png,human_salivory_01.png,69,0.000263214111328125,114.7748617203891,55.76994087354568,91.02689300019073,18.47083079011872,12.99954886085903,10.215455114205334
human_salivory_15.png,human_salivory_15.png,38,0.00014495849609375,129.48365439633798,84.09132176234979,101.62448979591836,17.724598343958515,24.22984492939118,16.620925891077018
human_salivory_14.png,human_salivory_14.png,78,0.00029754638671875,110.68079343887088,52.85695212664505,88.12950600801068,18.079955591278015,11.135623906942481,9.65234577828451
human_salivory_28.png,human_salivory_28.png,61,0.000232696533203125,114.24726301735647,59.553652489033,93.34392523364485,17.394864690737307,14.561273311132844,10.925159672502378
human_salivory_16.png,human_salivory_16.png,40,0.000152587890625,126.70062941064276,87.92836162502384,103.93637230593171,16.652406240301037,19.59628922348832,13.172781671309822
human_salivory_02.png,human_salivory_02.png,46,0.00017547607421875,119.56505817280183,66.42269692923898,97.44863627694069,16.722734497288556,22.213967470172076,14.689763470526778
human_salivory_03.png,human_salivory_03.png,75,0.000286102294921875,112.28067900057219,52.4663742132367,89.32286858668701,19.78220027685935,11.305033419534109,9.213527028684917
human_salivory_17.png,human_salivory_17.png,86,0.00032806396484375,110.2572954415411,54.50200267022697,88.381651726111,19.82074113699562,12.438497401943307,9.517328273140354
human_spleen_07.png,human_spleen_07.png,40,0.000152587890625,97.99275224108335,90.45893572382224,108.84680526416174,20.57883954822212,19.387681332785323,15.11893312537452
human_spleen_13.png,human_spleen_13.png,58,0.00022125244140625,64.88239557505246,23.686057600610336,45.375128743086016,27.40340302326864,14.601999729869894,20.221830041341082
human_spleen_12.png,human_spleen_12.png,30,0.00011444091796875,104.30047682624452,92.19313370207897,107.87640663742133,21.9875349564124,20.461616456414145,19.53544542569644
human_spleen_06.png,human_spleen_06.png,50,0.00019073486328125,97.76608811748999,86.20484455464428,108.48598130841121,19.592713180624976,17.830911558555382,13.66892615297574
human_spleen_10.png,human_spleen_10.png,31,0.000118255615234375,97.40995613198551,84.88086973106999,105.24447835208849,20.298827256793118,18.3065270366768,15.724817611907904
human_spleen_04.png,human_spleen_04.png,8,3.0517578125e-05,114.11275987030326,97.55765782948693,111.55475872592028,15.954726479540163,12.2955972920044,13.0162080680906
human_spleen_05.png,human_spleen_05.png,41,0.000156402587890625,100.60476826244516,89.93477016975014,110.07987793248141,19.441254797393235,17.148266232738276,13.929588796653135
human_spleen_11.png,human_spleen_11.png,45,0.000171661376953125,93.78798397863818,83.59423993896624,106.74239938966241,19.795363179119004,18.97931549250949,15.987962073501391
human_spleen_15.png,human_spleen_15.png,84,0.0003204345703125,67.24905588403585,28.16185390043868,57.019149341979784,32.468580105006346,21.65323109155291,24.308094915676495
human_spleen_01.png,human_spleen_01.png,43,0.000164031982421875,103.32809460232691,92.59778752622545,112.08247186725157,18.881310178427544,17.91213542614523,14.206377422907309
human_spleen_29.png,human_spleen_29.png,172,0.0006561279296875,91.4653824146481,35.2456608811749,80.22479496471486,22.024744926393986,9.922161187039828,10.710036154628595
human_spleen_28.png,human_spleen_28.png,154,0.00058746337890625,97.91420942208659,42.65607476635514,87.50360480640855,26.336688005767044,15.62148245521368,14.751978902215305
human_spleen_14.png,human_spleen_14.png,62,0.00023651123046875,84.15868777417509,52.662254434484076,78.2466526797635,43.51713260332783,43.78898283984797,38.5047800504763
human_spleen_02.png,human_spleen_02.png,32,0.0001220703125,104.56189204653825,91.81342742704558,108.2328437917223,20.05855183750395,17.408279541289158,17.342340379698758
human_spleen_16.png,human_spleen_16.png,114,0.00043487548828125,43.6687392714095,21.955979401106237,57.58306313179477,28.764336303559674,19.544349134004502,22.44006906407888
human_spleen_17.png,human_spleen_17.png,87,0.000331878662109375,70.149303833683,30.442571047110434,59.44108334922754,33.425018710939035,22.959164248532435,25.471679121675955
human_spleen_03.png,human_spleen_03.png,39,0.000148773193359375,100.62769406828151,90.81911119588023,108.90349036810986,19.85787215583683,18.628342722730157,15.160744442902246
human_spleen_26.png,human_spleen_26.png,171,0.000652313232421875,93.79206561129125,36.94392523364486,81.85866870112531,22.943902057059404,11.180009901763366,11.282134883081001
human_spleen_32.png,human_spleen_32.png,180,0.0006866455078125,90.6237650200267,33.32458516116727,76.34636658401678,22.346744848350536,9.594230068883697,10.20387444304014
human_spleen_33.png,human_spleen_33.png,152,0.000579833984375,97.72340263208088,39.48754529849323,81.60900247949647,25.65901000970332,17.105524194937598,14.57062784183699
human_spleen_27.png,human_spleen_27.png,153,0.000583648681640625,102.31138661071905,41.85985123021171,83.48788861338929,25.27171521625045,15.707869904529494,13.625051682981034
human_spleen_19.png,human_spleen_19.png,85,0.000324249267578125,67.11249284760633,30.052794201792867,62.953614342933435,33.45624432772167,21.96271087113058,23.760961990350594
human_spleen_31.png,human_spleen_31.png,151,0.000576019287109375,101.5307648292962,39.74789242799924,82.17680717146672,23.800659003345302,16.75499000037056,14.058116884693554
human_spleen_25.png,human_spleen_25.png,161,0.000614166259765625,95.83322525271791,38.26442876215907,82.1441922563418,25.028006331450705,13.305040682581984,12.836864223498802
human_spleen_24.png,human_spleen_24.png,42,0.00016021728515625,70.64997139042534,25.67594888422659,62.01872973488461,18.60596986785628,11.461405081314187,13.08934628687853
human_spleen_30.png,human_spleen_30.png,178,0.00067901611328125,94.0886515353805,35.35277512874308,78.55906923517071,24.608491913647182,10.646225371101009,11.862706049766537
human_spleen_18.png,human_spleen_18.png,70,0.00026702880859375,69.27819950410071,27.24016784283807,51.06534426854854,31.545930953426495,18.984161666337062,23.467092843177607
human_spleen_34.png,human_spleen_34.png,159,0.000606536865234375,92.24501239748236,35.90291817661644,78.81457181003242,25.408892105531756,13.989996598833757,13.313528221500661
human_spleen_20.png,human_spleen_20.png,40,0.000152587890625,71.46023269120732,33.986076673660115,65.64798779324813,33.27032500219514,25.213723045031756,25.870996761718036
human_spleen_08.png,human_spleen_08.png,43,0.000164031982421875,96.57898149914172,84.7388518024032,107.06584016784284,19.695382104611568,17.358951956399203,13.903819861711105
human_spleen_09.png,human_spleen_09.png,27,0.000102996826171875,102.31047110432958,92.27518596223535,110.92817089452603,18.42678195395999,16.422999935815504,14.039351992843484
human_spleen_21.png,human_spleen_21.png,102,0.00038909912109375,68.8181575433912,37.24482166698455,73.38634369635705,37.421483525112535,27.88041049070004,28.166020376250078
human_spleen_23.png,human_spleen_23.png,11,4.1961669921875e-05,84.0972344077818,33.72256341789052,73.49464047301163,13.053912110194457,5.729796052004885,11.446186353221345
human_spleen_22.png,human_spleen_22.png,64,0.000244140625,81.3450696166317,40.045050543581915,76.59755864962807,35.68110528121549,26.750275832530424,27.213795463034103
human_testis_9.png,human_testis_9.png,50,0.00019073486328125,110.53435056265496,103.68849895098226,121.88563799351516,19.424513454833868,20.002725622431836,13.098155160692027
human_testis_8.png,human_testis_8.png,5,1.9073486328125e-05,129.60228876597367,105.04295250810604,125.09849322906733,11.691702910333774,11.524539715669928,8.765531846917163
human_testis_6.png,human_testis_6.png,24,9.1552734375e-05,106.19469769216097,99.21560175472058,119.51062368872783,20.611519181812678,21.285874157231827,14.055106378399714
human_testis_7.png,human_testis_7.png,11,4.1961669921875e-05,124.4325386229258,102.36639328628648,123.17062750333778,14.206458982070652,15.554396918351378,10.5945112682496
human_testis_5.png,human_testis_5.png,68,0.0002593994140625,105.822086591646,98.39931337020789,119.39858859431624,19.866015260856678,20.474636913230373,13.226641497715791
human_testis_4.png,human_testis_4.png,18,6.866455078125e-05,124.26160595079153,104.8965477779897,124.09849322906733,16.63728902470383,17.057644733425562,11.313090944594984
human_testis_12.png,human_testis_12.png,23,8.7738037109375e-05,127.13305359526989,113.74083539958039,128.09933244325768,18.40037887503901,19.926047938486747,13.17966827571965
human_testis_1.png,human_testis_1.png,35,0.000133514404296875,107.80823955750525,101.62586305550258,119.32313560938394,26.407487003427352,28.302228773230325,18.30422306580737
human_testis_11.png,human_testis_11.png,15,5.7220458984375e-05,127.46961663169941,107.60720961281709,126.07388899485028,14.723136992792377,14.935697173627327,10.256738367457238
human_testis_3.png,human_testis_3.png,34,0.00012969970703125,105.06225443448407,98.89582300209804,118.39156971199695,22.99811534024559,23.65824163374765,15.392032013677236
human_testis_2.png,human_testis_2.png,54,0.00020599365234375,110.48003051687965,101.37783711615488,120.91756627884799,19.906634346761443,21.389492201320365,13.673469051149956
human_testis_10.png,human_testis_10.png,31,0.000118255615234375,103.96807171466718,95.1267213427427,117.54129315277513,20.75702168216971,21.56649253573011,14.59483584250207
human_tonsile_12.png,human_tonsile_12.png,116,0.0004425048828125,74.13713522792294,56.83932862864772,96.60053404539386,22.24490632234566,23.17046866272063,14.244620190395377
human_tonsile_10.png,human_tonsile_10.png,31,0.000118255615234375,96.39076864390616,75.35098226206371,108.88174709135991,18.442697482875253,19.067649738095263,11.338946664583208
human_tonsile_11.png,human_tonsile_11.png,70,0.00026702880859375,88.8456608811749,76.89128361625023,107.97222963951936,30.347505762503097,32.735034119929836,18.48714755101126
human_tonsile_7.png,human_tonsile_7.png,77,0.000293731689453125,83.83166126263589,69.53663932862865,104.76131985504482,24.51274555582091,26.288373173356575,15.149591139845418
human_tonsile_6.png,human_tonsile_6.png,75,0.000286102294921875,83.10303261491512,70.92401296967385,104.41956894907496,28.707930740287967,30.71520949573971,17.550587530985446
human_tonsile_4.png,human_tonsile_4.png,74,0.00028228759765625,85.44669082586306,72.46717528132748,106.17730307076101,23.939780170084994,25.527530926105563,15.183144000267758
human_tonsile_5.png,human_tonsile_5.png,71,0.000270843505859375,78.13034522220103,62.255273698264354,100.83818424566088,21.438865004623434,22.07199886786274,14.042850932568054
human_tonsile_1.png,human_tonsile_1.png,118,0.00045013427734375,81.34667175281328,64.47343124165555,102.16128170894525,22.3853473157404,22.57559513085947,13.72813622599043
human_tonsile_2.png,human_tonsile_2.png,105,0.000400543212890625,78.47804691970246,63.601258821285526,100.67236315086782,26.23841387387793,28.001879285220458,16.608860315290524
human_tonsile_3.png,human_tonsile_3.png,84,0.0003204345703125,76.0439824527942,60.20076292199123,99.24825481594507,21.834658879187288,22.541167445817695,14.000082228659403
human_tonsile_8.png,human_tonsile_8.png,69,0.000263214111328125,86.49502193400724,71.32359336257868,105.951478161358,23.77882951664899,25.205615598437102,14.80177404843027
human_tonsile_9.png,human_tonsile_9.png,100,0.0003814697265625,86.40743848941446,72.73477016975015,106.06671752813274,25.649490496891485,27.40550380200349,16.383896196836698
human_umbilical_cord_04.png,human_umbilical_cord_04.png,2,7.62939453125e-06,115.7690253671562,104.77268739271409,120.94381079534618,15.714121189329447,16.307142163179957,12.06589168931613
human_umbilical_cord_10.png,human_umbilical_cord_10.png,11,4.1961669921875e-05,125.9576959755865,115.2136181575434,128.0807552927713,17.11902892788591,20.307673233387046,14.29737580245908
human_umbilical_cord_11.png,human_umbilical_cord_11.png,17,6.4849853515625e-05,118.15109670036239,94.10555025748617,117.13164218958612,14.52141276870662,17.71328105859196,12.457957835817774
human_umbilical_cord_05.png,human_umbilical_cord_05.png,9,3.4332275390625e-05,118.21674613770742,101.45382414648103,120.854434484074,16.75283112474095,19.533500768297763,13.348705090695814
human_umbilical_cord_07.png,human_umbilical_cord_07.png,20,7.62939453125e-05,113.00324241846272,90.08212855235553,115.14377264924661,20.801253579129856,25.48911813172077,16.924040867763367
human_umbilical_cord_06.png,human_umbilical_cord_06.png,7,2.6702880859375e-05,112.1364867442304,97.86904444020598,117.64077818043106,13.782526109379146,13.849023028871542,10.8221243425725
human_umbilical_cord_12.png,human_umbilical_cord_12.png,11,4.1961669921875e-05,125.5806599275224,116.1900438680145,127.91394239938967,16.813712915416136,18.269931441234945,13.569566106554811
human_umbilical_cord_02.png,human_umbilical_cord_02.png,2,7.62939453125e-06,113.21945451077627,101.18916650772458,119.89761586877742,14.058408550429858,12.821197227702182,10.682045308363618
human_umbilical_cord_01.png,human_umbilical_cord_01.png,4,1.52587890625e-05,118.83044058744993,108.181651726111,123.34236124356285,15.030009155709836,16.209131738787182,12.26980419164687
human_umbilical_cord_08.png,human_umbilical_cord_08.png,10,3.814697265625e-05,118.9637993515163,99.71047110432959,120.12489032996376,17.308142491696174,22.915901174357398,14.972232050030925
human_umbilical_cord_09.png,human_umbilical_cord_09.png,8,3.0517578125e-05,111.90574098798398,99.0564180812512,118.01964524127408,14.846625226023434,15.134780774004062,12.254272311315274
